study_id,citation,source_type,population,n,intervention,comparator,outcome,unit,timepoint_months,effect_type,effect_value,ci_low,ci_high,p_value,direction,confidence,disease_match,quantitative,model_target,notes
szuhany2015,"Szuhany, Bugatti & Otto 2015, J Psychiatric Research 60:56-64",meta-analysis,healthy/mixed adults,1111,aerobic-exercise,no exercise,BDNF,resting serum,,hedges-g,0.28,,,0.005,increase,high,mixed,true,coef.bdnf.ex,"29 studies; no AD-specific trials"
ziaei2024,"Ziaei et al. 2024, Nutritional Neuroscience 27(7):715-725",meta-analysis,mixed clinical (CVD/T2DM/depression),587,omega-3,placebo,BDNF,serum,,SMD,0.72,,,,increase,medium,mixed,true,coef.bdnf.o3,"12 RCTs; I2=84% heterogeneity; no AD trials"
med-bdnf2020,"Frontiers in Psychology 2020 (PMC7522212)",meta-analysis,psychiatric + one MCI subgroup,479,meditation,control,BDNF,serum,,SMD,0.72,,,,increase,low,mixed,true,coef.bdnf.med,"8 RCTs; I2=78%; small n"
tomoto2023,"Tomoto et al. 2023, J Cereb Blood Flow Metab 43(3):404-418",RCT,cognitively normal older adults,73,aerobic-exercise,stretching,cerebral blood flow,% change normalized,12,percent-change,6,,,0.002,increase,high,healthy,true,coef.cbf.ex,"1-year aerobic training; wide individual variance"
jackson2017,"Jackson et al. 2017, J Prevention of Alzheimer's Disease",RCT,MCI,13,omega-3,placebo,cerebral perfusion,% change,6,percent-change,26.1,,,,increase,low,MCI,true,coef.cbf.o3,"pilot n=13; discounted to 10 in model pending replication"
ex-crp-meta,"Long-term exercise training meta-analysis (38 studies)",meta-analysis,healthy subjects,2557,aerobic-exercise,control,CRP,mg/L standardized,,SMD,-0.18,-0.31,-0.06,0.005,decrease,medium,healthy,true,coef.inflam.ex,"small but significant"
li2014,"Li, Huang, Zheng & Wu 2014, PLOS ONE 9(2):e88103",meta-analysis,healthy subgroup of 68 RCTs,4601,omega-3,placebo,CRP,% change,,percent-change,-16.5,,,0.001,decrease,medium,healthy,true,coef.inflam.o3,"healthy subgroup 17 studies; high heterogeneity overall"
grasmann2023,"Grasmann, Almenräder, Voracek & Tran 2023, Int J Mol Sci (PMID 36901875)",meta-analysis,healthy/stressed/at-risk/psychiatric adults,2880,meditation,control,inflammation & stress biomarkers,composite,,hedges-g,-0.11,-0.23,0.001,0.053,null-effect,high,mixed,true,coef.inflam.med,"RCT-only pooled g=-0.11 marginal (p=.053); pre-post g=-0.15 p<.001; verified from abstract, corrects earlier transcription"
woods2012,"Woods et al. 2012, Cochrane Database Syst Rev (CST)",meta-analysis,dementia,2766,cognitive-stimulation,usual care,cognition-composite,SMD,,SMD,0.41,0.25,0.57,,increase,high,AD,true,coef.cog.cst,"37 RCTs; silent on BDNF (evidence gap, not null)"
ngandu2015,"Ngandu et al. 2015 (FINGER), Lancet 385:2255-2263",RCT,at-risk older adults (not AD),1260,multi-domain,general advice,cognition-composite,% relative improvement,24,percent-change,25,,,,increase,high,mixed,true,bench.multi.cog,"no factorial arms; synergy unmeasurable; adherence multicollinear (2022 follow-up)"
kobe2016,"Köbe et al. 2016, NeuroImage",RCT,MCI age 60-80,22,multi-domain,omega-3 + stretching,gray matter volume,preserved vs decline,6,qualitative,,,,,increase,medium,MCI,true,bench.multi.hippo,"omega-3+aerobic+CST preserved/grew frontal-parietal-cingulate GM"
erickson2011,"Erickson et al. 2011, PNAS 108(7):3017-3022",RCT,healthy older adults,120,aerobic-exercise,stretching,hippocampal volume,% per year,12,percent-change,2,,,,increase,high,healthy,true,context.exercise-hippo-healthy,"anterior hippocampus +2%/yr vs -1.4%/yr control; HEALTHY adults; superseded as the exercise benchmark by EXERT 2025 (MCI) on 2026-09-11"
barnes2009,"Barnes & Fox 2009 meta-analysis (serial MRI)",meta-analysis,AD patients,,none,healthy controls,hippocampal atrophy rate,% per year,12,percent-change,-4.66,,,,decrease,high,AD,true,bench.untreated.hippo,"controls -1.41%/yr"
han2000,"Han et al. 2000, Int Psychogeriatr 12(2):231-247 (PMID 10937543)",meta-analysis,AD patients (mixed severity),3492,none,,MMSE,points per year,12,mean-diff,-3.3,-3.7,-2.9,,decrease,high,AD,true,bench.untreated.mmse,"37 studies pooled annual MMSE decline; mild AD toward slower end (~2/yr); supersedes earlier ADNI approximation"
jeon2020,"Jeon et al. 2020, Frontiers in Aging Neuroscience (KBASE)",cohort,non-demented older adults,287,aerobic-exercise,low activity,APOE4-amyloid interaction,moderation,,qualitative,,,,,decrease,medium,mixed,true,coef.apoe.interaction,"midlife activity blunted APOE4-associated amyloid/metabolism decline"
hilton2016,"Hilton et al. 2016, Annals of Behavioral Medicine",meta-analysis,chronic pain patients,3536,meditation,control,pain,SMD,,qualitative,,,,,decrease,medium,mixed,true,context.pain,"38 RCTs; small significant pain reduction; low-moderate evidence grade"
hill2011,"Hill, Kolanowski & Gill 2011, Topics in Geriatric Rehabilitation 27(4)",review,older adults and early-stage AD,,cognitive-stimulation,,cognition-composite,,,qualitative,,,,,increase,low,AD,false,context.cst-plasticity,"plasticity persists in early AD; cognitive training exploits compensatory recruitment; no numbers"
jahan2026,"Jahan et al. 2026, Neural Regeneration Research 21(1):107-125",review,AD and PD mechanistic literature,,multi-domain,,BDNF,,,qualitative,,,,,increase,low,mixed,false,context.mechanism,"BDNF key regulator of synaptic strength/neurogenesis in AD & PD; reviews exercise/diet/dopamine agonists; no effect sizes"
gashtrodkhani2026,"Gashtrodkhani et al. 2026, J Integrative Neuroscience 25(1)",review,AD,,multi-domain,,cognition-composite,,,qualitative,,,,,increase,low,AD,false,context.mechanism,"synaptic dysfunction drives AD; exercise/light therapy/diet proposed plasticity enhancers; abstract only"
hao2025-bdnf,"Hao 2025, Frontiers in Aging Neuroscience 17:1503296",review,Parkinson's disease (PD-related fatigue),,aerobic-exercise,usual care,BDNF,serum,,qualitative,,,,,increase,medium,PD,false,context.pd-exercise,"aerobic exercise (chronic & single sessions) raises serum BDNF in PD; mechanism for fatigue improvement"
hao2025-cycling,"Hao 2025, Frontiers in Aging Neuroscience (citing Lin 2022)",review,Parkinson's disease,,aerobic-exercise,control,central fatigue,,,qualitative,,,,,decrease,medium,PD,false,context.pd-exercise,"cycling training improved central fatigue via BDNF & dopaminergic neurotransmission"
hao2025-deficit,"Hao 2025, Frontiers in Aging Neuroscience (citing meta-analysis)",review,PD vs healthy controls,,none,healthy controls,BDNF,serum,,qualitative,,,,,decrease,medium,PD,false,context.pd-bdnf-deficit,"serum BDNF significantly lower in PD than controls; ~50% of PD patients report fatigue"
meyeracosta2025-dev,"Meyer-Acosta et al. 2025, Stem Cell Reports (PMC12277819)",other,iPSC organoids APOE4/4 vs isogenic APOE3/3,60,other,APOE3/3 organoids,organoid size & cortical neurons,,6,qualitative,,,,0.001,decrease,medium,AD,false,context.apoe4-mechanism,"APOE4 reduced organoid size (p<0.001) and SATB2+ upper-layer neurons; increased cleaved caspase-3"
meyeracosta2025-glia,"Meyer-Acosta et al. 2025, Stem Cell Reports (PMC12277819)",other,APOE4/4 vs APOE3/3 organoids,18,other,APOE3/3 organoids,astrogliosis & ApoE secretion,,6,qualitative,,,,0.01,increase,medium,AD,false,context.apoe4-mechanism,"APOE4 increased GFAP/ALDH1L1/HOPX and ApoE secretion: enhanced gliogenesis"
meyeracosta2025-net,"Meyer-Acosta et al. 2025, Stem Cell Reports (PMC12277819)",other,APOE4/4 vs APOE3/3 assembloids (MEA),4,other,APOE3/3 assembloids,network hyperexcitability & GABA genes,,7,qualitative,,,,0.01,increase,medium,AD,false,context.apoe4-mechanism,"APOE4: hyperactive synchronized networks; GABBR1/NKCC1/KCC2 reduced; Abeta42/40 up in female lines"
stanford2025-1copy,"Goldman 2025, Stanford Medicine Insights (Greicius & Yu research)",news,APOE4 heterozygotes (~20-25% of population),,none,APOE3/3,APOE4-risk,fold AD risk,,raw-means,2.5,2,3,,increase,medium,AD,true,coef.apoe.risk,"one copy: 2-3x AD risk (range not CI); onset 5-10 yrs earlier; matches model's 1-copy text"
stanford2025-2copy,"Goldman 2025, Stanford Medicine Insights",news,APOE4 homozygotes,,none,APOE3/3,APOE4-risk,fold AD risk,,raw-means,10,,,,increase,medium,AD,true,coef.apoe.risk,"two copies ~10x risk; model text says 8-12x, consistent"
stanford2025-women,"Goldman 2025, Stanford Medicine Insights",news,European-ancestry women 50-80 one APOE4 copy,,none,non-carrier women,APOE4-risk,fold AD risk,,raw-means,3.5,3,4,,increase,medium,AD,true,context.apoe4-sex,"women 3-4x vs men marginal; gain-of-toxic-function claim: ApoE4 toxic not merely ineffective"
ashford2026,"Ashford, Smith & Oria 2026, Apolipoprotein E (Springer) pp 395-418",review,ApoE-e4 carriers at AD risk,,multi-domain,,APOE4-risk prevention,,,qualitative,,,,,decrease,low,AD,false,context.apoe4-prevention,"paywalled; abstract: pathology decades pre-symptom; many risk factors modifiable via lifestyle"
popescu2024-bdnf,"Popescu 2024, J Neural Transm 131:1329-1339",review,Parkinson's disease,,aerobic-exercise,no exercise,BDNF & dopamine D2 binding,serum / PET,,qualitative,,,,,increase,medium,PD,false,context.pd-exercise,"serum BDNF rises after exercise therapy in PD; intensive exercise elevated D2 receptor binding (Fisher et al.)"
popescu2024-threshold,"Popescu 2024, J Neural Transm 131:1329-1339",review,PD natural history,,none,,nigral neuron loss at motor onset,% neurons lost,,raw-means,40,30,50,,decrease,medium,PD,true,context.pd-threshold,"motor symptoms at 30-50% nigral neuron loss (50-60% of nigrostriatal afferents); range not CI; supersedes older 60-80% dogma"
popescu2024-ltp,"Popescu 2024, J Neural Transm 131:1329-1339",review,PD animal models,,aerobic-exercise,sedentary,corticostriatal LTP,,,qualitative,,,,,increase,low,PD,false,context.pd-exercise,"intensive exercise gave lasting rescue of corticostriatal LTP; review calls exercise possibly first neuroprotective PD treatment"
stanford-pd-blog2026,"Wong 2026, Stanford Parkinson's Community Blog (webinar summary)",blog,people with PD,,multi-domain,,motor & non-motor symptoms,,1.25,qualitative,,,,,increase,low,PD,false,context.pd-community,">=150 min/wk challenging exercise + cognitive dual-tasking claimed to reduce symptoms in 4-6 wks; anecdotal, no peer-reviewed numbers"
petzinger2013-dopa,"Petzinger et al. 2013, Lancet Neurology 12(7):716-726",review,early PD (Fisher treadmill PET study),,aerobic-exercise,no-exercise control,dopamine D2/D3 receptor binding,PET binding potential dorsal striatum,2,qualitative,,,,,increase,medium,PD,false,context.pd-exercise,"8 wks treadmill at >=75% max HR increased DA-D2R binding potential; magnitude not restated in review"
petzinger2013-motor,"Petzinger et al. 2013, Lancet Neurology 12(7):716-726",review,mild-moderate PD,,aerobic-exercise,usual care,UPDRS motor items,tapping amplitude/speed,3,qualitative,,,,,increase,medium,PD,false,context.pd-exercise,"treadmill benefits transfer to UPDRS motor items after 4-12 wks, retained months; tai chi reduced falls; tango improved balance/gait"
petzinger2013-cog,"Petzinger et al. 2013, Lancet Neurology 12(7):716-726",review,PD patients,,aerobic-exercise,non-exercise control,cognition-composite,executive function/working memory,6,qualitative,,,,,increase,medium,PD,false,context.pd-exercise,"6-mo aerobic improved executive function (Tanaka); working memory & verbal fluency (Cruise); mechanism: BDNF/GDNF, AMPA & D2R restoration"
sparx2018,"Schenkman et al. 2018, JAMA Neurology (PMID 29228079)",RCT,de novo unmedicated PD age 40-80,128,aerobic-exercise,usual care,UPDRS-III motor change,points over 6 mo,6,raw-means,0.3,-1.7,2.3,0.03,increase,high,PD,true,bench.pd-exercise.updrs,"high-intensity treadmill (80-85% maxHR): 0.3-pt worsening vs 3.2-pt in controls (p=.03); moderate intensity did not separate"
hirsch2018,"Hirsch, van Wegen, Newman & Heyn 2018, Transl Neurodegener (PMID 29568518)",meta-analysis,ambulatory PD,100,aerobic-exercise,control,BDNF,serum SMD,,SMD,2.06,1.36,2.76,,increase,medium,PD,true,coef.bdnf.ex-pd,"pools 2 RCTs + 4 pre-post designs, likely inflated; also UPDRS-III MD -5.53 [-10.42,-0.64]; prefer Kaagman RCT-only value"
kaagman2024,"Kaagman, van Wegen et al. 2024, Brain Sciences (DOI 10.3390/brainsci14030194)",meta-analysis,PD,216,aerobic-exercise,control,BDNF,serum SMD,,SMD,1.2,0.53,1.87,0.0004,increase,medium,PD,true,coef.bdnf.ex-pd,"5 RCTs I2=77%; RCT-only estimate; PD exercise-BDNF response far larger than healthy-adult g=0.28 (Szuhany)"
marek2001,"Marek et al. 2001, Neurology (PMID 11739831)",cohort,PD (n=32) vs healthy controls (n=24) serial SPECT,56,none,healthy controls,striatal DAT binding decline,% of baseline per year,12,percent-change,-11.2,,,0.001,decrease,high,PD,true,bench.pd-untreated.dopa,"dopaminergic terminal loss 11.2%/yr in PD vs 0.8%/yr controls; classic progression anchor for the dopamine trajectory"
kwok2019,"Kwok et al. 2019, JAMA Neurology (PMID 30958514)",RCT,mild-moderate PD,138,meditation,stretching/resistance exercise,HADS depression & anxiety,points,2,mean-diff,-2.75,-3.71,-1.79,0.001,decrease,high,PD,true,context.pd-meditation,"mindfulness yoga beat active exercise control on depression (and anxiety -1.79 [-2.85,-0.69]); motor gains similar between arms"
groot2016,"Groot et al. 2016, Ageing Res Rev 25:13-23 (PMID 26607411)",meta-analysis,dementia incl. AD,802,aerobic-exercise,non-exercise control,cognition-composite,SMD,,SMD,0.42,0.23,0.62,0.01,increase,high,AD,true,coef.cog.ex,"18 RCTs; AD-only subgroup SMD 0.38 [0.09,0.66]; aerobic-only 0.41 [0.05,0.76]; non-aerobic null"
zhu2022,"Zhu et al. 2022, Front Aging Neurosci 14:771413 (PMID 35360212)",RCT,amnestic MCI,54,aerobic-exercise,usual activity,hippocampal volume,% change,3,percent-change,4.5,,,0.005,increase,medium,MCI,true,context.exercise-hippo-mci,"3-mo aerobic dance: total HV +4.5%; small n, magnitude unusually large for 3 months, treat cautiously"
zhang2025,"Zhang et al. 2025, Medicine 104(51) (PMID 41431091)",meta-analysis,older adults incl. neurodegenerative,774,aerobic-exercise,non-exercise control,hippocampal volume,SMD,,SMD,0.09,-0.05,0.22,0.2,null-effect,medium,mixed,true,context.exercise-hippo-null,"12 RCTs pooled effect NULL; counterweight to Erickson/Zhu — model exercise-hippo effect small/uncertain"
cai2026-het,"Cai et al. 2026, Front Aging Neurosci 18 (PMID 42459526)",meta-analysis,AD-continuum APOE4 heterozygotes vs non-carriers,4311,none,non-carriers,hippocampal atrophy rate,mm3/year extra loss,12,mean-diff,-34.32,-52.31,-16.32,0.000185,decrease,high,AD,true,coef.apoe.atrophy,"~1%/yr of a ~3500mm3 hippocampus extra (our approximation); atrophy acceleration conditional on amyloid positivity"
cai2026-hom,"Cai et al. 2026, Front Aging Neurosci 18 (PMID 42459526)",meta-analysis,AD-continuum APOE4 homozygotes vs non-carriers,4311,none,non-carriers,hippocampal atrophy rate,mm3/year extra loss,12,mean-diff,-58.25,-89.26,-27.23,0.000233,decrease,high,AD,true,coef.apoe.atrophy,"gene-dose effect supports model's per-copy multiplier; cross-sectional HV SMD -0.41 in carriers"
mazereeuw2012,"Mazereeuw et al. 2012, Neurobiol Aging (PMID 22305186)",meta-analysis,CIND/MCI subgroup of 10 RCTs,,omega-3,placebo,attention & processing speed,hedges-g,,hedges-g,0.3,0.02,0.57,0.035,increase,high,MCI,true,coef.cog.o3,"benefit specific to cognitively-impaired-not-demented; immediate recall g=0.16 [0.01,0.31]; null in healthy and in AD"
quinn2010,"Quinn et al. 2010, JAMA 304(17):1903-1911 (PMID 21045096)",RCT,mild-moderate AD APOE4-NEGATIVE subgroup,109,omega-3,placebo,ADAS-cog change,points over 18 mo,18,mean-diff,-3.88,,,0.03,increase,medium,AD,true,context.apoe4-omega3-interaction,"DHA 2g/d benefit ONLY in e4 non-carriers; null in carriers; total brain atrophy unchanged (p=.79) — challenges model's e4-boosted omega-3 clearance in established AD"
lipididiet2021,"Soininen et al. 2021, Alzheimers Dement 17(1):29-40 (PMID 32920957)",RCT,prodromal AD,311,omega-3,isocaloric placebo,cognition-composite (NTB),z-score,36,mean-diff,0.212,0.044,0.38,0.014,increase,medium,MCI,true,coef.cog.o3,"Fortasyn multinutrient (not pure omega-3): -60% cognitive decline at 36 mo; brain atrophy d=0.25-0.31; 24-mo primary was null (0.098 [-0.041,0.237])"
bai2018,"Bai et al. 2018, J Affect Disord (PMID 30138808)",meta-analysis,adults >=60 with depressive symptoms,,omega-3,placebo,depressive symptoms,cohens-d,,cohens-d,-0.202,-0.463,0.06,,null-effect,medium,mixed,true,context.omega3-mood,"overall null; high-dose >1.5g/d subgroup significant d=-0.428 [-0.822,-0.035]: dose-gated effect"
shi2025,"Shi et al. 2025, Front Public Health (PMID 40520277)",meta-analysis,SCD/MCI/AD older adults,2095,meditation,usual care,MMSE,points,,mean-diff,2.22,0.83,3.62,0.002,increase,high,mixed,true,coef.cog.med,"25 RCTs; meditation raises MMSE ~2.2 pts; also sleep PSQI -1.40; depression NS; grounds a direct meditation-cognition path"
lin2023,"Lin, Su & Heffner 2023, Innovation in Aging (GSA abstract)",meta-analysis,MCI adults ~71y,530,meditation,control,cognition-composite,SMD,,SMD,0.4,0.14,0.66,,increase,medium,MCI,true,coef.cog.med,"12 trials; conference abstract not full paper; visuospatial 0.25, long-term memory 0.21"
woods2023-mmse,"Woods et al. 2023, Cochrane CD005562.pub3 (PMID 39804128)",meta-analysis,mild-moderate dementia,1893,cognitive-stimulation,usual care,MMSE,points,,mean-diff,1.99,1.24,2.74,,increase,high,AD,true,coef.cog.cst,"25 studies; ~2-pt MMSE gain at end of treatment, near minimum clinically important difference; CALIBRATES model cstCog coefficient"
woods2023-smd,"Woods et al. 2023, Cochrane CD005562.pub3 (PMID 39804128)",meta-analysis,mild-moderate dementia,2766,cognitive-stimulation,usual care,cognition-composite,SMD,,SMD,0.4,0.25,0.55,,increase,high,AD,true,coef.cog.cst,"37 RCTs; confirms 2012 value; QoL SMD 0.25 [0.07,0.42]; communication SMD 0.53 [0.36,0.70]"
holden2018,"Holden et al. 2018, Mov Disord Clin Pract 5(1):47-53 (PMID 29662921)",cohort,de novo PD (PPMI),362,none,,MDS-UPDRS-III,points per year,12,mean-diff,2.4,,,,increase,high,PD,true,bench.pd-untreated.updrs,"linear mixed model over 5 yrs; total MDS-UPDRS +4.0/yr; implies +4.8 pts at 24 mo; no CI in abstract; CALIBRATES model's untreated UPDRS-III slope"
simuni2018-dat12,"Simuni et al. 2018, Mov Disord 33(5):771-782 (PMID 29572948)",cohort,early untreated PD (PPMI),423,none,,striatal DAT binding,% of baseline,12,percent-change,-11.2,,,0.001,decrease,high,PD,true,bench.pd-untreated.dopa,"SD 15.1; caudate -9.6% putamen -13.5%; independently reproduces Marek 2001's -11.2%/yr"
simuni2018-dat24,"Simuni et al. 2018, Mov Disord 33(5):771-782 (PMID 29572948)",cohort,early untreated PD (PPMI),423,none,,striatal DAT binding,% of baseline cumulative,24,percent-change,-17,,,0.001,decrease,high,PD,true,bench.pd-untreated.dopa24,"cumulative; year 2 adds only ~5.8%, decline decelerates; CALIBRATES model's two-slope dopamine decline (previous linear extrapolation gave -22.4%/24mo)"
simuni2018-dat48,"Simuni et al. 2018, Mov Disord 33(5):771-782 (PMID 29572948)",cohort,early untreated PD (PPMI),423,none,,striatal DAT binding,% of baseline cumulative,48,percent-change,-27.4,,,0.001,decrease,high,PD,true,context.pd-progression-shape,"putamen -30.6%; years 2-4 add ~5.2%/yr; confirms decelerating (not linear) shape"
simuni2018-updrs,"Simuni et al. 2018, Mov Disord 33(5):771-782 (PMID 29572948)",cohort,early untreated PD (PPMI),423,none,,MDS-UPDRS total (OFF),points per year,12,raw-means,7.45,,,0.0001,increase,high,PD,true,context.pd-progression-shape,"year-1 change 7.45 (SD 11.6); years 2-5: 3.11/4.0/4.7/1.74; baseline Part III 20.89 (SD 8.9) = model's UPDRS-III starting point"
kordower2013,"Kordower et al. 2013, Brain 136(8):2419-2431",other,post-mortem PD 1-27 yrs from diagnosis,37,none,age-matched controls,putamen dopaminergic terminal loss (TH/DAT),,48,qualitative,,,,,decrease,high,PD,false,context.pd-terminal-loss,"putamen TH/DAT staining virtually completely lost by 4 yrs post-diagnosis; nigral neuron loss lags terminal loss; most collapse precedes a 24-mo window"
cheng2010,"Cheng, Ulane & Burke 2010, Ann Neurol 67(6):715-725 (PMID 20517933)",review,PD at motor onset,,none,age-matched controls,SN neuron loss at motor onset,% neurons lost,,raw-means,30,,,,decrease,high,PD,true,context.pd-threshold,"~30% SN neuron loss but 50-70% putamen terminal loss at motor onset; corroborates Popescu 2024"
vanderkolk2019,"van der Kolk et al. 2019 (Park-in-Shape), Lancet Neurol 18(11):998-1008 (PMID 31521532)",RCT,PD H&Y <=2 on stable meds,130,aerobic-exercise,stretching,MDS-UPDRS-III (OFF),points,6,mean-diff,-4.2,-6.9,-1.6,0.002,decrease,high,PD,true,bench.pd-exercise.updrs,"home cycling 30-45 min x3/wk; +1.3 vs +5.6 pts in control; MCID 3.5; symptomatic attenuation, not proven disease modification; CALIBRATES exercise UPDRS-III offset"
ernst2024-endurance,"Ernst et al. 2024, Cochrane CD013856.pub3 (PMID 38588457)",meta-analysis,mild-moderate PD,2721,aerobic-exercise,passive control,UPDRS motor,points,1.5,mean-diff,-5.76,-9.78,-1.74,,decrease,medium,PD,true,coef.updrs.ex,"network meta-analysis 60 studies; CINeMA confidence low; MCID -2.5; consistent with Park-in-Shape"
ernst2024-mindbody,"Ernst et al. 2024, Cochrane CD013856.pub3 (PMID 38588457)",meta-analysis,mild-moderate PD,2721,meditation,passive control,UPDRS motor,points,1.5,mean-diff,-3.62,-7.24,0,,null-effect,low,PD,true,coef.updrs.med,"mind-body = tai chi/yoga/qigong (movement), not seated meditation; 63% of endurance effect and CI touches zero; CAPS model's meditation motor offset at 0.6x exercise"
ernst2024-dance,"Ernst et al. 2024, Cochrane CD013856.pub3 (PMID 38588457)",meta-analysis,mild-moderate PD,2721,multi-domain,passive control,UPDRS motor,points,1.5,mean-diff,-10.18,-14.87,-5.36,,decrease,medium,PD,true,context.pd-dance,"dance largest effect of any modality; gait/balance training -7.50 [-11.39,-3.48]; multi-domain -5.90 [-9.11,-2.68]"
sacheli2019,"Sacheli et al. 2019, Mov Disord 34(12):1891-1900 (PMID 31584222)",RCT,PD,35,aerobic-exercise,non-aerobic control,caudate dopamine release (raclopride PET),,3,qualitative,,,,0.04,increase,medium,PD,false,coef.dopa.ex,"36 aerobic sessions increased rTMS-evoked caudate dopamine release (p=.04); magnitude not in abstract; the only human PD dopamine-imaging RCT behind the exercise->dopamine term"
fisher2013,"Fisher et al. 2013, NeuroReport 24(10):509-514 (PMID 23636255)",RCT,early PD pilot,4,aerobic-exercise,no exercise,D2 receptor binding potential (fallypride PET),,2,qualitative,,,,,increase,low,PD,false,coef.dopa.ex,"n=4 PD; 8 wks treadmill; feasibility study with no group statistics; suggestive mechanism only"
tsukita2022,"Tsukita, Sakamaki-Tsukita & Takahashi 2022, Neurology 98(8):e859-e871 (PMID 35022304)",cohort,early PD (PPMI),237,aerobic-exercise,lower activity,postural/gait stability decline,standardized beta (activity x time),60,other,-0.1,-0.14,-0.06,,decrease,medium,PD,true,context.pd-exercise-dose,"sustained (not baseline) physical activity slowed postural/gait decline; MVPA beta -0.09; processing speed beta 0.05; Class II"
kjaer2002,"Kjaer et al. 2002, Cognitive Brain Research 13(2):255-259 (PMID 11958969)",other,healthy experienced Yoga Nidra meditators,,meditation,attending to speech,ventral striatal dopamine release (raclopride PET),% change during session,0,percent-change,65,,,,increase,low,healthy,true,context.meditation-dopamine,"-7.9% raclopride binding = +65% endogenous dopamine release DURING meditation; healthy subjects, ventral (limbic) striatum, acute only; does NOT support lasting nigral sparing in PD; n not stated in abstract"
kwok2025-med,"Kwok et al. 2025, Psychother Psychosom 94(2):101-118 (PMID 40024243)",RCT,PD H&Y 1-3,159,meditation,usual care,MDS-UPDRS-III,points,2,mean-diff,-5.35,-8.61,-2.09,,decrease,medium,PD,true,coef.updrs.med,"90 min/wk x 8 wks; -4.01 [-7.43,-0.59] at 6 mo; participants unblinded vs usual care (expectancy inflation likely); IL-6 reduced at 6 mo"
kwok2025-yoga,"Kwok et al. 2025, Psychother Psychosom 94(2):101-118 (PMID 40024243)",RCT,PD H&Y 1-3,159,meditation,usual care,MDS-UPDRS-III,points,2,mean-diff,-6.59,-9.82,-3.36,,decrease,medium,PD,true,context.pd-yoga,"yoga arm; benefit did not persist to 6 mo (-2.77 [-6.06,0.51])"
zhang2026,"Zhang et al. 2026, Front Neurol 17:1860499",meta-analysis,PD,992,meditation,usual care / physical therapy,UPDRS-III,points,,mean-diff,-4.74,-6.78,-2.7,0.00001,decrease,medium,PD,true,coef.updrs.med,"18 RCTs of mindfulness-based EXERCISE (tai chi/yoga/qigong/walking meditation); movement-based, not seated meditation"
advocat2016,"Advocat et al. 2016, BMC Neurol 16:166 (PMID 27608621)",RCT,PD H&Y 2,72,meditation,wait-list,PDQ-39 summary index,t-score,6,qualitative,,,,0.16,null-effect,medium,PD,true,coef.updrs.med,"6-wk mindfulness lifestyle program NULL on primary outcome (p=.56 post, .16 at 6 mo); counterweight to Kwok 2025"
li2012,"Li et al. 2012, NEJM 366(6):511-519 (PMID 22316445)",RCT,PD H&Y 1-4,195,tai-chi,stretching,UPDRS-III,points,6,mean-diff,-5.02,-6.9,-3.13,,decrease,high,PD,true,context.pd-taichi,"falls IRR 0.33 [0.16,0.71]; vs resistance training -1.34 (ns); maintained 3 mo post-intervention"
li2024,"Li et al. 2024, J Neurol Neurosurg Psychiatry 95(3):222-228 (PMID 37875337)",cohort,PD,330,tai-chi,no exercise,annual UPDRS deterioration,,42,qualitative,,,,,decrease,medium,PD,false,context.pd-taichi,"slower annual UPDRS deterioration & LEDD rise over 3.5 yrs; no numeric UPDRS in abstract; non-randomised (self-selection)"
zhao2025,"Zhao et al. 2025, Front Aging Neurosci 17:1620172",meta-analysis,PD vs healthy controls,5011,none,healthy controls,BDNF,peripheral blood SMD,,SMD,-1.037,-1.412,-0.662,0.001,decrease,medium,PD,true,context.pd-bdnf-deficit,"38 studies I2=97%; serum subgroup -1.10; quantifies Hao 2025's qualitative deficit; not applied to model's BDNF base (an AD starting-point assumption)"
suleymanogullari2025,"Suleymanogullari et al. 2025, Brain Sci 16(1):39 (PMID 41594760)",meta-analysis,clinical populations (no PD trials),850,aerobic-exercise,non-exercise control,BDNF,SMD,,SMD,1.03,0.56,1.49,0.0001,increase,medium,mixed,true,context.exercise-bdnf-dose,"19 RCTs; aerobic 1.44 [0.36,2.52]; meta-regression found NO dose-response with duration/frequency/minutes (p>.23); model keeps linear dose scaling for lack of a better-supported shape"
okonkwo2014,"Okonkwo et al. 2014, Neurology 83(19):1753-1760 (PMID 25298312)",cohort,late-middle-aged at-risk (WRAP),186,aerobic-exercise,physically inactive,age x activity interaction on PiB-PET amyloid,interaction p only,,qualitative,,,,0.014,decrease,medium,healthy,false,context.exercise-amyloid,"cross-sectional; also age x PA on hippocampal volume p=.025, FDG p=.015; no SUVR difference reported, cannot size a clearance coefficient"
slee2024,"Slee et al. 2024, Alzheimers Dement 20(2):1350-1359 (PMID 37984813)",cohort,cognitively unimpaired >=60 (AIBL) 15-yr follow-up,731,aerobic-exercise,lower habitual activity,brain amyloid (PET) over time,standardized beta,180,other,-0.26,,,0.24,null-effect,high,healthy,true,coef.plaque.ex,"longitudinal NULL: baseline beta -0.001 p=.72; APOE e4 did NOT moderate (beta 0.12 p=.73); strongest evidence against an exercise->plaque-clearance term; model's exercise clearance ZEROED 2026-09-11"
rabin2019,"Rabin et al. 2019, JAMA Neurol 76(10):1203-1210 (PMID 31312836)",cohort,clinically normal (Harvard Aging Brain Study),182,aerobic-exercise,fewer steps/day,activity x amyloid interaction on PACC decline,beta (PACC units),72,other,0.03,0.02,0.05,0.001,increase,high,healthy,true,coef.cog.ex-resilience,"same interaction on grey-matter loss beta 482 [189,775] p=.002; exercise blunts amyloid's CONSEQUENCES not its level; grounds model's plaque-resilience term"
villemagne2013,"Villemagne et al. 2013, Lancet Neurol 12(4):357-367 (PMID 23477989)",cohort,HC/MCI/AD PiB-positive accumulators,200,none,,PiB SUVR accumulation rate,SUVR per year,46,raw-means,0.043,0.037,0.049,,increase,high,mixed,true,bench.untreated.plaque,"baseline SUVR AD 2.27 MCI 1.94 HC 1.38; threshold 1.5; ~2-3% relative rise per yr, slows toward plateau in AD; CALIBRATES model plaque accrual (previous 0.9/mo was ~3x too fast)"
bollack2024,"Bollack et al. 2024, Alzheimers Dement 20(5):3429-3441 (PMID 38574374)",cohort,non-demented (AMYPAD-PNHS),750,none,,amyloid accumulation rate,centiloids per year,41,raw-means,1.5,,,,increase,high,mixed,true,bench.untreated.plaque,"SD 3.3 overall; ~4.4 CL/yr in converters; reliable accumulation >3.0 CL/yr; threshold predicting future accumulation 16 CL [12,19]"
schuff2009-mci,"Schuff et al. 2009, Brain 132(4):1067-1077 (PMID 19251758)",cohort,ADNI MCI,226,none,,hippocampal volume loss,% per year,12,percent-change,-2.6,,,,decrease,high,MCI,true,context.untreated-hippo-mci,"SE 0.3; controls -0.8 (SE 0.5) %/yr; AD -4.4 (SE 0.6) %/yr corroborates Barnes 2009 -4.66"
schuff2009-apoe,"Schuff et al. 2009, Brain 132(4):1067-1077 (PMID 19251758)",cohort,ADNI AD APOE e4 carriers,96,none,e4 non-carriers,extra hippocampal loss attributable to e4,% per year additional,12,mean-diff,-1.4,,,,decrease,high,AD,true,coef.apoe.atrophy,"SE 0.5 = 23.4 mm3/yr extra; e4 did NOT modulate rates in MCI or controls (stage-dependent); with Cai 2026 (~1%/yr per copy) CALIBRATES apoeRisk 0.45 -> 0.16 (old value implied ~4%/yr extra per copy)"
lamb2018,"Lamb et al. 2018 (DAPA), BMJ 361:k1675 (PMID 29769247)",RCT,mild-moderate dementia,494,aerobic-exercise,usual care,ADAS-cog,points adjusted between-group,12,mean-diff,1.4,0.2,2.6,0.03,decrease,high,AD,true,bench.exercise.cognition-ad,"higher ADAS-cog = WORSE in exercise arm (favours usual care); 6-min walk +18.1 m; largest exercise-in-dementia RCT; a ceiling on exercise cognitive benefit in established dementia"
hoffmann2016,"Hoffmann et al. 2016 (ADEX), J Alzheimers Dis 50(2):443-453 (PMID 26682695)",RCT,mild AD,200,aerobic-exercise,usual care,SDMT (per-protocol adherers),points,4,mean-diff,4.2,0.5,7.9,0.028,increase,medium,AD,true,context.exercise-ad-adherence,"ITT NULL on SDMT and all cognitive tests; NPI improved -3.5 [-5.8,-1.3]; only adherent subgroup benefits (dose-dependence)"
baker2025-exert,"Baker et al. 2025 (EXERT), Alzheimers Dement 21(4):e14586 (PMID 40271888)",RCT,amnestic MCI sedentary,296,aerobic-exercise,low-intensity stretch/balance,hippocampal volume,% per year,12,percent-change,-0.51,,,,decrease,high,MCI,true,bench.exercise.hippo,"mean 12-mo hippocampal loss 0.51% in BOTH arms, 5x slower than ADNI untreated MCI (-2.6%/yr); cognition (ADAS-Cog-Exec) flat in both arms (coef -0.078 SE 0.074 p=.3); REPLACES Erickson 2011 (healthy) as the exercise benchmark"
shadyab2025,"Shadyab et al. 2025, Alzheimers Dement 21(4):e70118 (PMID 40271887)",cohort,amnestic MCI (EXERT arms vs matched ADNI-1),214,aerobic-exercise,propensity-matched usual care,ADAS-Cog-Exec 12-mo trajectory,beta,12,other,0.169,0.011,0.328,,increase,medium,MCI,true,context.exercise-mci-vs-untreated,"aerobic 0.169 [0.011,0.328]; stretch/balance 0.181 [0.007,0.354]; both arms beat UNTREATED usual care though not each other: any structured activity, not intensity; non-randomised comparator"
morris2017,"Morris et al. 2017, PLoS One 12(2):e0170547 (PMID 28187125)",RCT,early AD,76,aerobic-exercise,stretching & toning,Disability Assessment for Dementia,chi-square,6,qualitative,,,,0.02,increase,medium,AD,false,context.exercise-ad-function,"memory, executive function, depression all NULL; fitness change correlated with memory change and bilateral hippocampal volume (correlational only)"
andrieu2017-o3,"Andrieu et al. 2017 (MAPT), Lancet Neurol 16(5):377-389 (PMID 28359749)",RCT,>=70 with memory complaints non-demented,1525,omega-3,placebo,composite cognitive z-score,SD units,36,mean-diff,0.011,-0.081,0.103,0.812,null-effect,high,mixed,true,bench.omega3.cognition,"800 mg DHA + 225 mg EPA/day x 3 yrs; largest omega-3 prevention RCT; essentially zero effect; omega-3-only benchmark = untreated"
andrieu2017-md,"Andrieu et al. 2017 (MAPT), Lancet Neurol 16(5):377-389 (PMID 28359749)",RCT,>=70 with memory complaints non-demented,1525,multi-domain,placebo,composite cognitive z-score,SD units,36,mean-diff,0.079,-0.012,0.17,0.179,null-effect,high,mixed,true,bench.multi.cog,"multidomain+placebo arm; combined multidomain+omega-3 0.093 [0.001,0.184] adjusted p=.142 (not significant after adjustment)"
freundlevi2006,"Freund-Levi et al. 2006 (OmegAD), Arch Neurol 63(10):1402-1408 (PMID 17030655)",RCT,mild-moderate AD (MMSE>=15) on AChEI,204,omega-3,placebo,MMSE and ADAS-cog,points,6,qualitative,,,,,null-effect,high,AD,false,bench.omega3.mmse,"1.7 g DHA + 0.6 g EPA/day; no between-group difference; only very-mild subgroup (MMSE>27, n=32) showed slower MMSE decline (p<.05)"
tofiq2021,"Tofiq et al. 2021, J Alzheimers Dis 83(3):1291-1301 (PMID 34420949)",RCT,AD (OmegAD CSF sub-study),33,omega-3,placebo,CSF Abeta42 / tau,pg/mL,6,qualitative,,,,,null-effect,medium,AD,false,coef.plaque.o3,"Abeta42 STABLE; NfL (p=.03) and YKL-40 (p=.04) INCREASED in omega-3 arm; directly contradicts an omega-3->amyloid-clearance term; model's omega-3 clearance ZEROED 2026-09-11"
arellanes2020,"Arellanes et al. 2020, EBioMedicine 59:102883 (PMID 32690472)",RCT,non-demented older adults,33,omega-3,placebo (both + B vitamins),CSF DHA,% change,6,percent-change,28,,,0.0001,increase,high,healthy,true,coef.apoe.o3-interaction,"2152 mg DHA/day; CSF EPA +43%; CSF EPA rise in NON-e4 carriers was 3x greater than in e4 carriers; brain volume & cognition unchanged; the model's e4-BOOSTED omega-3 clearance was backwards, REMOVED 2026-09-11"
yassine2026,"Yassine et al. 2026 (PreventE4), EBioMedicine 129:106316 (PMID 42315445)",RCT,non-demented 55-80 low DHA intake (47% e4),365,omega-3,placebo,CSF DHA/AA ratio,ratio change,6,mean-diff,0.19,0.16,0.21,0.0001,increase,high,healthy,true,bench.omega3.hippo,"target engagement INDEPENDENT of APOE e4 (interaction p=.71); NO treatment difference in brain volumes or cognition at 24 months; 38% dropout (COVID); omega-3-only hippocampal benchmark = placebo"
baker2025-pointer,"Baker et al. 2025 (US POINTER), JAMA 334(8):681-691 (NCT03688126)",RCT,60-79 sedentary at-risk,2111,multi-domain,self-guided lifestyle education,global cognitive composite annual change,SD per year,24,mean-diff,0.029,0.008,0.05,0.008,increase,high,healthy,true,bench.multi.cog,"structured 0.243 SD/yr vs self-guided 0.213 (both arms improved: practice effects); benefit equal in APOE e4 carriers and non-carriers (interaction p=.95); larger with lower baseline cognition (p=.02); ~+0.06 SD at 24 mo"
oki2024,"Oki et al. 2024 (J-MINT PRIME Tamba), Alzheimers Dement 20(10):6972-6983 (PMID 39229900)",RCT,cognitively normal 65-85 with diabetes and/or hypertension,203,multi-domain,control,cognitive composite z-score,z units,18,mean-diff,0.16,0.04,0.27,0.009,increase,medium,healthy,true,bench.multi.cog,"FINGER-style; positive but small single-site trial in a vascular-risk population"
sugimoto2025,"Sugimoto et al. 2025 (J-MINT subgroup), Alzheimers Dement 21(11):e70822 (PMID 41222037)",RCT,MCI 65-85 with uncontrolled vascular risk factors,298,multi-domain,control,neuropsychological composite z-score,z units,18,mean-diff,0.11,0.02,0.2,0.032,increase,medium,MCI,true,context.multi-mci,"main J-MINT primary outcome NULL; benefit only in uncontrolled-VRF subgroup; hypothesis-generating"
wells2013,"Wells et al. 2013, Neurosci Lett 556:15-19 (PMID 24120430)",RCT,MCI (MBSR pilot),14,meditation,usual care,bilateral hippocampal volume change,mm3 over 8 wks,2,raw-means,-32,-179,69,0.07,decrease,low,MCI,true,context.meditation-hippo,"MBSR -32 mm3 vs control -274 mm3 [-368,-137], trend p=.07; n=13 analysed; PCC-hippocampus connectivity increase was the significant finding; do not over-weight"
innes2017,"Innes et al. 2017, J Alzheimers Dis 56(3):899-916 (PMID 28106552)",RCT,subjective cognitive decline,60,meditation,music listening (active control),memory & executive tests,,6,qualitative,,,,0.006,null-effect,low,healthy,false,bench.meditation.cognition,"Kirtan Kriya 12 min/day; BOTH arms improved, no meditation-vs-control superiority; effect sizes not published in abstract"
nicastri2022,"Nicastri et al. 2022, Alzheimers Dement (N Y) 8(1):e12337 (PMID 36089933)",RCT,healthy older adults,144,cognitive-stimulation,active control,serum BDNF,t-statistic,1.25,qualitative,,,,0.01,increase,medium,healthy,false,coef.bdnf.cst,"ONLY the cognitive-training arm raised BDNF (t(36)=2.58); mindfulness and exercise arms showed no interaction; no means/SD published so no effect size; upgrades model's CST->BDNF from 'evidence gap' to 'direction confirmed, magnitude unpublished'"
akalp2024,"Akalp et al. 2024, Arch Gerontol Geriatr 126:105541 (PMID 38981326)",meta-analysis,MCI,,aerobic-exercise,control,serum BDNF,SMD,,SMD,0.952,-0.238,2.142,0.117,null-effect,medium,MCI,true,coef.bdnf.ex,"23 studies; MCI-specific exercise->BDNF NOT significant; TNF-alpha SMD -0.475 [-0.817,-0.134] p=.006 I2=0%; cognition ES 1.165 [0.741,1.589]; tempers Szuhany g=0.28 when applied to MCI"
hong2026,"Hong, Wang et al. 2026, Front Med 13:1889076 (PMID 42625625)",meta-analysis,adults >=60,2836,aerobic-exercise,control,CRP,SMD,,SMD,-0.73,-1.17,-0.29,,decrease,medium,healthy,true,coef.inflam.ex,"Bayesian NMA 54 RCTs; resistance -0.46 [-0.84,-0.08]; mind-body -0.24 [-0.91,0.42] ns; abstract says -0.83 [-1.42,-0.24] vs results -0.73 (internal inconsistency, hence medium); older-adult population match beats the earlier all-age -0.18; CALIBRATES inflam.ex -4 -> -15"
newberg2010,"Newberg et al. 2010, J Alzheimers Dis 20(2):517-526 (PMID 20164557)",cohort,subjects with memory loss (single-arm pre-post),14,meditation,own baseline,cerebral blood flow (SPECT) prefrontal/parietal,count ratio,2,qualitative,,,,0.05,increase,low,mixed,false,coef.cbf.med,"significant CBF increases after 8 wks Kirtan Kriya but NO percent-change values published; uncontrolled n=14; model's meditation->CBF term remains an assumption with a confirmed direction only"
